((time1+time2)*0.5);mean(AccX);var(AccX);kurtosis(AccX);EightythPercentile(AccX);mean(AccY);var(AccY);kurtosis(AccY);EightythPercentile(AccY);mean(AccZ);var(AccZ);kurtosis(AccZ);EightythPercentile(AccZ);mean(light);var(light);kurtosis(light);EightythPercentile(light);mean(speed);var(speed);kurtosis(speed);EightythPercentile(speed);mean(bearing);var(bearing);kurtosis(bearing);EightythPercentile(bearing)
11.0:25.0:32.5:480.0;0.325953458393;0.426013196684;0.1950057116349173;0.82360536;0.528195103504;0.156529530988;-0.5612313209671735;0.90021986;10.0456940438;0.46010509994;-0.44297761112389056;10.649409;189.969741875;293.945125741;-0.9063318768263229;204.88672;8.92363369643;15.8238557116;-1.5013776343390581;13.505986;310.965733339;11.6607163402;-1.3791139742731404;316.12036
11.0:25.0:32.5:636.5;0.339976639107;0.431591564712;0.1638985597981346;0.8619126;0.500832797146;0.146368793047;-0.5451207275204446;0.8619126;10.0386824455;0.467610617271;-0.5268352336148983;10.649409;190.326479839;277.594925778;-0.9276865428933005;204.88672;9.29249269643;16.6028584791;-1.5772839292604148;13.505986;311.167572268;11.4098475858;-1.420933714236871;316.12036
11.0:25.0:33.0:292.5;0.355162718018;0.424507200031;0.279603435184419;0.8619126;0.502679753504;0.148886236343;-0.5789363964858083;0.90021986;10.074321858;0.491484734939;-0.5498054647215622;10.70687;189.205517732;384.220621104;2.236227394684576;204.88672;9.66135169643;17.1097473229;-1.6179007092821465;13.505986;311.369411196;11.0775009252;-1.425568800694199;316.12036
11.0:25.0:33.0:448.5;0.342165622532;0.41774825508;0.3404844523989299;0.82360536;0.500559175432;0.146872085797;-0.5262088653061232;0.90021986;10.0511323223;0.481699531133;-0.5555782782234209;10.649409;187.018685634;631.249608205;3.8602909072184106;204.88672;10.0302106964;17.3445222429;-1.6205112668757375;15.328052;311.571250125;10.6636763584;-1.3924761694476784;316.12036
11.0:25.0:33.0:605.0;0.354102428407;0.39960188976;0.5923596460221203;0.82360536;0.478532520575;0.146516952161;-0.5152014661691431;0.7661445;10.0277033545;0.481512276456;-0.6251801170696596;10.649409;183.849415018;1021.27928121;3.476191646836468;204.88672;10.3990696964;17.3071832391;-1.5827803272327556;15.328052;311.784187768;10.2129960795;-1.3294412356353766;316.12036
11.0:25.0:33.0:761.5;0.365936624136;0.40800881587;0.5457679513220279;0.82360536;0.476446144314;0.149690557561;-0.5850236939250197;0.90021986;10.0412477009;0.467467674785;-0.49429323601015973;10.649409;179.845360925;1562.93327207;2.6615480118846753;204.88672;10.7679286964;16.9977303116;-1.5014384517025676;15.328052;312.023022411;9.76376240371;-1.2410747487851737;316.12036
11.0:25.0:33.5:417.5;0.326329686421;0.468256179362;0.23160127234277805;0.78529817;0.472889042243;0.145048903495;-0.6133465721974303;0.90021986;10.0826332009;0.528030420069;-0.3473263173234016;10.70687;174.948473271;2245.77378923;1.7794007313421707;204.88672;11.1367876964;16.4161634603;-1.371558963480518;15.328052;312.261857054;9.20044475466;-1.0964001527334881;316.12036
11.0:25.0:33.5:573.5;0.33282823335;0.478601188699;0.1460137919442519;0.8619126;0.464201509475;0.141015365925;-0.5339877147531267;0.7661445;10.0618378562;0.524096588197;-0.33632183341354827;10.70687;169.524962;2986.31538265;0.9135167197379568;204.88672;11.5056466964;15.5624826853;-1.1861195688064272;15.328052;312.500691696;8.52304313236;-0.8874620831957025;316.12036
11.0:25.0:34.0:230.0;0.304166217064;0.531599156401;0.10845506986614817;0.8619126;0.433282104654;0.127567855074;-0.4152669123690105;0.7086837;10.0909103384;0.501787728657;-0.1438375129997027;10.70687;164.059641464;3675.363643;0.15784294207909255;204.88672;11.8745056964;14.4366879864;-0.9360928641974766;15.328052;312.739526339;7.73155753681;-0.6034428386471227;316.12036
11.0:25.0:34.0:386.5;0.323730266279;0.482568593898;0.1913290171540707;0.8619126;0.422131964082;0.110737711285;-0.4760454956592608;0.7086837;10.1080801723;0.475176927248;0.0634681711387084;10.70687;158.585907014;4316.13288252;-0.4213079301392706;204.88672;12.2433646964;13.0387793639;-0.6125772623192334;15.328052;312.978360982;6.82598796799;-0.23335868543893223;316.12036
11.0:25.0:34.0:542.5;0.306013173457;0.483276831517;0.13767153139108546;0.8619126;0.417343561332;0.111730856653;-0.5829008726179241;0.7086837;10.0985033616;0.475408173153;0.04803246346669532;10.70687;152.723532814;4870.73627905;-0.8633759488639239;204.88672;12.6141674107;11.3798395516;-0.21905187853028796;15.328052;313.207144911;5.79847276259;0.21459239981354994;316.12036
11.0:25.0:34.0:698.5;0.278890289029;0.488544717261;0.027834430533201893;0.8619126;0.412520955011;0.115145333852;-0.6923817076311982;0.7086837;10.1253184045;0.496146284907;-0.09711264545919684;10.726024;146.939552679;5371.94218351;-1.1920324152520858;204.88672;12.9927449821;9.48439993289;0.17425395574401303;15.328052;313.395725982;4.65120192997;0.6103320911700991;316.12036
11.0:25.0:34.5:355.0;0.2456792921;0.517733913939;-0.13006799494338628;0.8619126;0.422884427832;0.10845099375;-0.606611454982771;0.7086837;10.1536041884;0.471128494166;0.0904196174949421;10.726024;141.300889813;5830.51047077;-1.4359192646927927;204.88672;13.3713225536;7.30231835901;0.1876715032069649;15.328052;313.584307054;3.43280545634;0.3712454436316448;316.12036
11.0:25.0:34.5:511.5;0.185824249618;0.520687795607;-0.1753035623259236;0.78529817;0.430032829779;0.10428722417;-0.5147919244713108;0.7086837;10.1732366687;0.47860754839;0.1392201318407813;10.726024;135.192622496;6179.43281355;-1.6096265636897666;204.88672;13.6817447;5.73262369191;-0.4005756081814593;15.328052;313.712547143;2.65569807311;-1.020092576724758;316.12036
11.0:25.0:34.5:667.5;0.202515255475;0.526197129232;-0.18011545996538736;0.78529817;0.421960949386;0.108427370725;-0.3420224244413519;0.7086837;10.1514836562;0.505029959842;-0.07817534143708293;10.726024;129.298001952;6489.59518768;-1.72996559021322;204.88672;13.9088657714;5.10811876806;0.2369508250274075;15.328052;313.767037143;2.48101052818;-0.9286863487108268;316.12036
11.0:25.0:35.0:323.5;0.210758149393;0.532539233408;-0.22360379341572267;0.78529817;0.381738361564;0.134433746607;-0.09248910327573023;0.59376204;10.1333561545;0.510730848095;-0.1416720910507423;10.70687;122.961991487;6671.1984902;-1.7977197733090762;204.88672;14.1359868429;4.38044588203;1.1550840481409193;15.328052;313.821527143;2.30038466305;-0.841747202415779;316.12036
11.0:25.0:35.0:480.0;0.199984241054;0.53277118196;-0.24364776420128864;0.78529817;0.348151131743;0.136260984555;-0.043722908389892456;0.59376204;10.1496367241;0.470342753579;-0.056623424413679846;10.70687;116.935865463;6821.20230838;-1.8246704256854929;204.88672;14.3631079143;3.54960503383;2.5458880736222893;15.600172;313.876017143;2.11382047773;-0.7713793929175532;316.12036
11.0:25.0:35.0:636.5;0.212160466082;0.539759647572;-0.28451286718983715;0.82360536;0.298317532457;0.173164148202;0.9240166829612213;0.59376204;10.1472083438;0.470196558095;-0.041535004672389686;10.70687;110.369001641;6804.17617022;-1.8051298432285086;204.88672;14.5957071625;2.62792426238;4.762102495819374;15.600172;313.913962786;1.96694251015;-0.779327714708629;316.12036
11.0:25.0:35.0:792.5;0.203883368886;0.549754370866;-0.37145415711892094;0.8619126;0.281147685529;0.163756321975;1.041849661472079;0.5554548;10.1507312259;0.512179405768;-0.2841379222290916;10.726024;103.843335813;6710.39972256;-1.7403844328705373;202.4743;14.8312561982;1.60327974779;8.197101597933468;15.600172;313.942999929;1.84220118859;-0.8576702501999329;316.12036
11.0:25.0:35.5:448.5;0.251391172671;0.505831268546;-0.22884296461627196;0.8619126;0.272973196761;0.168353453048;0.8024351978358921;0.5554548;10.1172808223;0.542847745211;-0.4551534961141619;10.726024;97.5490098089;6580.65078481;-1.6269370528289753;202.4743;15.0363394911;0.6917860184;-0.3250620452408026;15.600172;313.9381345;1.72987063721;-0.9169665392396165;316.12036
11.0:25.0:35.5:605.0;0.244242770314;0.504520558315;-0.22523939848411123;0.8619126;0.253169728332;0.17540761386;0.45504007687398884;0.5554548;10.1078408098;0.532284919132;-0.3648072820627162;10.70687;91.1116474196;6336.33756851;-1.455453501552436;199.30197;15.1195598125;0.624064790812;0.3550134695377709;15.600172;313.797658786;1.64957377573;-0.6233490512344404;314.30682
11.0:25.0:36.0:261.5;0.212707713743;0.513159009889;-0.27406722557774543;0.8619126;0.267945373468;0.174334882936;0.5704801698642981;0.5554548;10.1228900777;0.550926891729;-0.27733980048938767;10.7605;84.5055697554;5980.49711027;-1.219067002870375;182.00186;15.2027801339;0.542492319426;1.335954694199355;15.600172;313.657183071;1.52981006164;-0.25744323078001585;314.30682
11.0:25.0:36.0:417.5;0.1722115016;0.522253341121;-0.31273613136349443;0.8619126;0.257684508321;0.171297049654;0.626038591329567;0.5363012;10.138931208;0.606442933656;-0.31504209061902344;10.97502;77.5072220821;5423.65542757;-0.9226366465339857;176.34332;15.2860004554;0.447068604243;2.844238000717029;15.836155;313.516707357;1.37057949494;0.19533574045687496;314.30682
11.0:25.0:36.0:573.5;0.126687465993;0.504152505984;-0.21751852066748967;0.82360536;0.2716392835;0.173247065092;0.6416416264186804;0.5554548;10.082530675;0.615699438426;-0.30087870834041874;10.572795;70.9239770268;4890.61522959;-0.49812823860865896;167.521;15.3692207768;0.337793645263;5.403906198980803;15.836155;313.377353857;1.1693293013;0.72478423553419;314.30682
11.0:25.0:36.0:730.0;0.0769906796357;0.451984954109;-0.6284380041086592;0.80445176;0.295854924064;0.182036641521;0.5854907716302922;0.5746084;10.0363225759;0.661478553602;-0.4514039684605309;10.572795;64.2427591696;4240.16417071;0.07361060790512708;116.04106;15.4524410982;0.214667442485;10.482889507506238;15.836155;313.240618857;0.924003837486;1.1569652843369882;314.30682
11.0:25.0:36.5:386.5;0.0487048955286;0.470182691319;-0.6632222394585008;0.80445176;0.28880913013;0.183666650189;0.4875102939855469;0.5746084;9.99562115625;0.682068596634;-0.4564257076349758;10.553641;57.2340190589;3406.13501159;0.6488946797051418;100.27014;15.5356614196;0.0776899959098;17.64040132065217;15.836155;313.103883857;0.641285453224;0.025282347889798995;314.30682
11.0:25.0:36.5:542.5;0.0451135933321;0.458690322958;-0.5862717669069921;0.7661445;0.29995926897;0.187135446237;0.44282421553083706;0.59376204;10.0275666545;0.68904968028;-0.5430436106467811;10.649409;50.8624678446;2674.93803999;1.5832167265970396;70.84138;15.5668227125;0.0492867766343;-1.6894444591429925;15.836155;313.048560857;0.595987704852;-1.0003489448487632;314.30682
11.0:25.0:37.0:198.5;0.027259688725;0.437208266339;-0.47987015979208403;0.7469909;0.31022013338;0.191133481559;0.39240412384025714;0.616746372;10.004992758;0.669427169903;-0.43168439840292283;10.553641;44.8609796946;1972.96883762;2.8610857804873238;53.103287;15.5849692482;0.0495120665881;-1.6968203803609228;15.836155;313.013590857;0.613452831901;-0.9866481084634664;314.30682
11.0:25.0:37.0:355.0;0.0295854848893;0.440136724201;-0.5058085168770972;0.7469909;0.319112882266;0.194094011483;0.36973128794921717;0.7086837;10.0889266491;0.665851582139;-0.5454409304413468;10.649409;39.5718013732;1420.50743978;5.365167180641359;36.351307;15.6031157839;0.049078763025;-1.6587641737460288;15.836155;312.978620857;0.628472157149;-0.9489107448127099;314.30682
11.0:25.0:37.0:511.5;0.0505176464607;0.472368416347;-0.46136098438485273;0.7469909;0.310904191168;0.196599334719;0.2535275797602399;0.7086837;10.0959724277;0.730892369173;-0.4622070161792178;10.649409;33.9992514554;766.326890242;8.157608382574434;28.346561;15.6212623196;0.0479868659451;-1.5728157744505262;15.836155;312.943650857;0.641045680598;-0.8869871844427442;314.30682
11.0:25.0:37.0:667.5;0.060368076175;0.511379281284;-0.39950552043937604;0.75082162;0.271912906454;0.191707356395;0.10030730443183433;0.59376204;10.1093799563;0.857639555108;-0.04929034305249802;10.649409;29.4768714304;367.708800946;7.06216645627388;26.8223;15.6974099625;0.159890831384;10.699285286135853;15.836155;312.842113714;0.852946038939;0.13449427826711702;314.30682
11.0:25.0:37.5:323.5;0.0525356154964;0.569902029646;-0.520971847927171;0.7661445;0.264696098168;0.194000493063;0.007309068185421097;0.59376204;10.1091405187;0.866969744826;-0.09076985800938342;10.649409;26.1127907304;186.180109314;8.768748539323026;26.29802;15.7735576054;0.260197869797;5.682253863888164;15.836155;312.740576571;1.04422681452;0.10604678446398275;314.30682
11.0:25.0:37.5:480.0;0.0724416944071;0.606621175973;-0.69326403417482;0.80445176;0.252588277864;0.206075804898;0.1950603287962016;0.59376204;10.1000083473;0.910578430059;-0.23735648678960475;10.649409;23.4857501064;87.4635262574;8.28742391568065;26.091188;15.8497052482;0.348907981184;3.054022653975329;15.836155;312.627940714;1.18924132193;-0.052608878871107656;314.30682
11.0:25.0:37.5:636.5;0.0248996892857;0.625163496173;-0.6758634111987321;0.80445176;0.219582497161;0.254058578702;0.629761666011952;0.5746084;10.1264813884;0.97352713507;-0.49060627414353375;10.994174;21.6296985448;48.4234497753;3.2125414920928286;25.081175;15.9258528911;0.426021165547;1.4976167552206059;15.836155;312.489407857;1.24224795116;-0.1103568119352687;312.89972
11.0:25.0:38.0:292.5;0.00810607589286;0.613803317203;-0.6239344237819759;0.80445176;0.203780767304;0.248643353234;0.7752949109392149;0.5746084;10.1013764741;0.932400005373;-0.3644400597389055;10.860099;20.4393807921;42.8101750243;0.4269328624358977;24.301388;16.0020005339;0.491537422884;0.4841046120942094;15.836155;312.350875;1.25687187536;-0.1833700904124318;312.89972
11.0:25.0:38.0:448.5;-0.0282173848214;0.615678830518;-0.5899125133925169;0.7469909;0.196940191661;0.254149074908;0.622333790101882;0.5746084;10.092141692;0.948613324012;-0.40004210066665014;10.860099;19.6199460779;48.5116073134;-0.185019777702502;24.015259;16.0781481768;0.545456753195;-0.21979520643170947;17.460186;312.212342143;1.23311309456;-0.2711619751382046;312.89972
11.0:25.0:38.0:605.0;-0.0233263726429;0.59749289372;-0.5618376522933932;0.7469909;0.204464825732;0.259029260961;0.5480371747242252;0.59376204;10.0653266062;0.963045355011;-0.38832128615487616;10.860099;18.8383059529;53.412924243;-0.6775341636735868;23.545845;16.1549562696;0.589524026356;-0.7310331787366642;17.460186;312.055997857;1.24409121253;-0.31280464924789264;312.89972
11.0:25.0:38.0:761.5;-0.0129286966607;0.601559434756;-0.5982127452676909;0.7469909;0.205456708991;0.256633101147;0.6111363885406078;0.59376204;10.0593411116;0.965025869159;-0.38400534244545126;10.860099;18.0940102064;57.7436057096;-1.0590472024356392;23.268616;16.2322046625;0.622887457976;-1.116538618782083;17.460186;311.887779286;1.25086321159;-0.5431466581967714;312.89972
11.0:25.0:38.5:417.5;-0.023873618625;0.598798244633;-0.5688876717843825;0.7469909;0.210587141902;0.255776079652;0.6690783977035166;0.59376204;10.0480541652;0.961529438067;-0.33682381230669867;10.860099;17.3343183279;60.9559119353;-1.3492071551986409;23.085608;16.3075093411;0.647598686144;-1.414931385966836;17.460186;311.729611429;1.2388044659;-1.0219482627161816;312.89972
11.0:25.0:38.5:573.5;-0.00516464253571;0.595909405822;-0.5610595173274366;0.7469909;0.192357006295;0.274096844066;0.2921042841881274;0.59376204;10.0093365027;0.934518162018;-0.09358432892659163;10.649409;16.5947646779;63.6585379327;-1.5690396151847534;23.085608;16.3750391625;0.675193430598;-1.632702398283993;17.460186;311.611646429;1.33846576372;-1.2321398570104893;312.29178
11.0:25.0:39.0:230.0;0.0308167879821;0.573249897537;-0.4620195648720071;0.7469909;0.215580762116;0.300125304516;0.21072871844999863;0.7086837;10.0011620259;0.929735381787;-0.04001553764850785;10.649409;15.9011875846;65.6824515956;-1.7303906094533466;23.085608;16.4425689839;0.693667621488;-1.7884987599007967;17.460186;311.493681429;1.41029557909;-1.4045658358312052;312.29178
11.0:25.0:39.0:386.5;0.04562663525;0.561423132674;-0.4269777081418171;0.7469909;0.243524515045;0.329684990142;0.04923266705140028;0.7278373;9.98002463214;0.894958256273;0.16832649396324495;10.649409;15.2211801873;66.9957690546;-1.8399307718653513;22.904041;16.5100988054;0.703021258813;-1.8940151839017558;17.4663502;311.375716429;1.45429391201;-1.5390350397615453;312.29178
11.0:25.0:39.0:542.5;0.0323559173214;0.551370956758;-0.35112554666710105;0.7469909;0.26096798508;0.342713116649;-0.056016197978820514;0.842759;10.0006147446;0.869769640664;0.24252164054442904;10.649409;14.5646300571;67.9968386108;-1.9019068077920978;22.813795;16.5776286268;0.703254342574;-1.9568680650972587;17.491007;311.257751429;1.47046076247;-1.64067679454199;312.29178
11.0:25.0:39.0:698.5;0.027020268;0.547628714203;-0.3216467211052061;0.49799395;0.287235797366;0.322495637484;0.2667970477501389;0.842759;10.0091654589;0.859140497043;0.2855602628591818;10.649409;13.9158828693;68.3049688134;-1.9208179996661716;22.7239;16.6451584482;0.694366872771;-1.9820189506040753;17.491007;311.139786429;1.45879613049;-1.717520583846006;312.29178
11.0:25.0:39.5:355.0;0.00345448289286;0.547446101909;-0.31142085561291477;0.49799395;0.305705352723;0.314767413103;0.4380443838460577;0.842759;10.0311920982;0.851442369189;0.26322186615218746;10.649409;13.2667886407;67.8003451106;-1.8984672175979354;22.545181;16.7126882696;0.676358849403;-1.9727845905010792;17.491007;311.021821429;1.41930001606;-1.781716742097154;312.29178
11.0:25.0:39.5:511.5;0.018572158;0.634237338815;-0.25676480312243477;0.49799395;0.338369105063;0.273404773874;0.7069572388644754;0.842759;10.0012303518;0.855301429776;0.3345785393377909;10.649409;12.6276644695;66.5105238159;-1.8329400378675276;22.279732;16.7747399143;0.660836507662;-1.9162119068910672;17.491007;310.920400786;1.40594843044;-1.7929915204551563;312.29178
11.0:25.0:39.5:667.5;-0.00995304503571;0.656614082965;-0.25574189715111295;0.47884035;0.34534649283;0.274633711294;0.6951862248057323;0.842759;9.98652309821;0.808524356036;0.6885295701220073;10.515334;11.9893596977;64.378718528;-1.7205554747951413;22.191942;16.8338417714;0.6442040816;-1.8071783955604823;17.491007;310.827888643;1.40266882212;-1.7385919333474398;312.29178
11.0:25.0:40.0:323.5;-0.0163489841964;0.642416701609;-0.17579999731032414;0.47884035;0.351263591384;0.268921851796;0.849454127707785;0.842759;10.0136459554;0.784431965727;0.766483609139009;10.515334;11.3534347757;61.4467173855;-1.554649926225875;21.9829108;16.8929436286;0.620585596502;-1.6443117384445183;17.491007;310.7353765;1.38227222063;-1.6362783427572527;312.29178
11.0:25.0:40.0:480.0;-0.0533222999607;0.674534631513;-0.28850518669947567;0.47884035;0.367509959884;0.257745550013;1.188343918226649;0.842759;10.011046525;0.783517681568;0.7848723287033503;10.515334;10.7056947257;57.4600506658;-1.328251517608792;21.844242;16.9520454857;0.589981052369;-1.415293345815686;17.491007;310.642864357;1.344758626;-1.4786865091043953;312.29178
11.0:25.0:40.0:636.5;-0.048465490675;0.664684827718;-0.23242926814072096;0.47884035;0.362618947366;0.257315869861;1.184594929186411;0.842759;9.99319258214;0.748844316958;1.0239997979166233;10.362105;10.0968681211;53.5889149113;-1.0068597441255833;21.844242;17.0111473429;0.5523904492;-1.1003841715682279;17.491007;310.550352214;1.29012803822;-1.253658767519158;312.29178
11.0:25.0:40.0:792.5;-0.0311588328036;0.65178672792;-0.17485715763739407;0.47884035;0.382559227098;0.262920440873;1.1107156149596378;0.842759;10.0095415446;0.688362817696;1.2831537717088057;10.515334;9.46404334429;48.3632370611;-0.572684898368661;18.950096;17.0702492;0.507813786996;-0.6674707347918707;17.491007;310.457840071;1.21838045728;-0.9416836428412698;312.29178
11.0:25.0:40.5:448.5;-0.0446689706964;0.66678296776;-0.2479129345770863;0.47884035;0.346646202241;0.310992976256;0.752779820416928;0.842759;10.0842064348;0.730987389015;0.7646014215032557;10.649409;8.84508839607;42.7509602386;0.034743934227341455;16.374624;17.1293510571;0.456251065756;-0.06205071214373037;17.491007;310.364205714;1.12530838048;-0.5112112529241322;312.29178
11.0:25.0:40.5:605.0;-0.0772643134214;0.660897551023;-0.1395971261458122;0.45968673;0.333683309684;0.301165652658;0.9033902729470014;0.842759;10.1190591688;0.684929296034;0.9781024901266018;10.649409;8.21162015589;36.0026975983;0.8880613164814548;9.839845;17.1884529143;0.397702285481;0.814881715176345;17.491007;310.267952857;1.00438385349;0.08911967238433105;310.4279
11.0:25.0:41.0:261.5;-0.0649854775;0.624162465606;0.05394589059112498;0.36391866;0.340968523446;0.301059823305;0.9364702178562063;0.842759;10.157503192;0.654182112838;1.0449979408124976;10.649409;7.59996239161;29.3291488616;2.2128428983693;7.405207;17.2475547714;0.332167446171;2.1621746544965577;17.491007;310.1717;0.864930101486;0.9510450943393134;310.4279
11.0:25.0:41.0:417.5;-0.0502782383214;0.643056902349;-0.06238849517599121;0.45968673;0.320002157411;0.304353037739;0.778075319984076;0.842759;10.162907242;0.667929556503;0.8859350629052423;10.6877165;6.98272697107;21.6024683302;4.323420469952653;6.630228;17.3066566286;0.259646547825;4.4444850250179595;17.491007;310.075447143;0.706947124463;2.2497247114525374;310.4279
11.0:25.0:41.0:573.5;-0.0471657774643;0.70690378001;-0.28891001643484593;0.47884035;0.314529696932;0.305388484266;0.7287344431600666;0.7278373;10.1602052098;0.679521478162;0.7861638002715048;10.6877165;6.37625764143;13.347648757;7.853919674555598;6.2737055;17.3657584857;0.180139590443;9.055370009567094;17.491007;309.979194286;0.530434922425;4.347227187338171;310.4279
11.0:25.0:41.0:730.0;-0.0538695430893;0.722881950523;-0.34725441073725527;0.47884035;0.313845639996;0.31559386306;0.576878832370284;0.842759;10.1201194473;0.634550123053;1.1223246624382108;10.6877165;5.84007430571;6.32879848097;15.399951884660766;5.9363537;17.4248603429;0.0936465740262;22.945328219909868;17.491007;309.882941429;0.335393495369;7.912768374822573;310.4279
11.0:25.0:41.5:386.5;-0.0872515529304;0.664849128097;-0.08618681295780872;0.36391866;0.305363325409;0.32335394487;0.42149998703129654;0.842759;10.1358185723;0.560100080331;1.3478314004648322;10.5804561;5.40095037;1.32164218359;32.653626281689064;5.149846;17.4839622;0.00016749857376;-0.3287037037034195;17.491007;309.786688571;0.121822843298;-0.3287037037042575;310.4279
11.0:25.0:41.5:542.5;-0.103361109748;0.61449465863;0.005765208355612561;0.36391866;0.31497433497;0.316054796713;0.5849943471643866;0.842759;10.1169385866;0.423240562816;0.12479883114543755;10.553641;5.22605563071;0.342726334995;5.021601892223293;5.1295543;17.48506295;0.000147869834647;0.4241232382824376;17.491007;309.757002857;0.107546728849;0.4241232382821658;309.5967
11.0:25.0:42.0:198.5;-0.102061399334;0.555597465475;0.16507413973276108;0.36391866;0.306013180173;0.313802804279;0.6045317794119951;0.842759;10.1391704616;0.419265053073;0.0769755721336467;10.6877165;5.14875353161;0.182402122964;5.777747360283108;5.1295543;17.4861637;0.00012581779441;1.5500770416017495;17.491007;309.727317143;0.0915081311347;1.5500770416010274;309.5967
11.0:25.0:42.0:355.0;-0.132023125259;0.508571150815;0.5174299620525811;0.30645782;0.31295636537;0.300656629344;0.6300014884319136;0.842759;10.1750492884;0.375093191808;0.1369569140884166;10.764331;5.09814292536;0.12582318024;10.27875179105975;5.1093426;17.48726445;0.000101342453047;3.373505499762355;17.491007;309.697631429;0.0737070501551;3.3735054997595357;309.5967
11.0:25.0:42.0:511.5;-0.0860544512589;0.495547847375;0.521220964509705;0.36391866;0.321062448412;0.243213986543;0.37635832167394456;0.7086837;10.151688717;0.309170586592;0.16549742349682495;10.6877165;5.04248369482;0.0549359626143;17.61988093649181;5.1093426;17.4883652;7.444381056e-05;6.760416666662772;17.491007;309.667945714;0.0541434859102;6.760416666665588;309.5967
11.0:25.0:42.0:667.5;-0.0597866375089;0.475701830471;0.6541881773769282;0.36391866;0.330605051895;0.237892224952;0.3832223638836876;0.78529817;10.1409490277;0.289952910239;0.3839606034913343;10.553641;5.00979186929;0.0132758520732;-0.6055431050495286;5.1093426;17.48946595;4.51218669475e-05;15.052631578955673;17.491007;309.63826;0.0328174384;15.052631578947103;309.5967
11.0:25.0:42.5:323.5;-0.0280463630446;0.476865000446;0.5477887624808075;0.4213795;0.333717513948;0.231555202303;0.5465932512159761;0.7086837;10.1310301848;0.290695093864;0.21346142016678682;10.553641;5.00865024357;0.0131586301507;-0.6025130937909959;5.1093426;17.4905667;1.337662221e-05;65.01449275361367;17.491007;309.608574286;0.00972890762449;65.0144927536284;309.5967
11.0:25.0:42.5:480.0;0.00403594177679;0.457054409104;0.6767182302674821;0.4213795;0.328450270198;0.228384475813;0.6223197138707461;0.7086837;10.1453954062;0.281994587901;0.025654467574601547;10.553641;5.00549783893;0.0126851151019;-0.5949710373914328;5.1093426;17.491007;0.0;-3.0;17.491007;309.5967;0.0;-3.0;309.5967
11.0:25.0:42.5:636.5;0.00790086865179;0.488103012812;0.41802673878961905;0.4213795;0.329168530743;0.227528895617;0.6475314051287402;0.7086837;10.1631808902;0.284704118234;-0.07205811038620347;10.6877165;4.99625752464;0.0126314197206;-0.8594048026326258;5.1093426;17.491007;0.0;-3.0;17.491007;309.5967;0.0;-3.0;309.5967
11.0:25.0:43.0:292.5;0.00619072438036;0.509424698684;0.22200629724140208;0.4213795;0.320480998504;0.222359520859;0.7765374630961643;0.6895301;10.1780933402;0.28234631586;-0.07625064375901225;10.6877165;4.99718851321;0.0120940484067;-0.8479480526958074;5.1093426;17.491007;0.0;-3.0;17.491007;309.5967;0.0;-3.0;309.5967
11.0:25.0:43.0:448.5;0.00985043299821;0.512474484263;0.18901574232768548;0.4213795;0.360464167825;0.20640825324;0.9806646970297734;0.7086837;10.2028562313;0.28147706055;-0.11805636622957971;10.6877165;5.00706352214;0.0103943098312;-0.5811699753505217;5.1093426;17.491007;0.0;-3.0;17.491007;309.5967;0.0;-3.0;309.5967
11.0:25.0:43.0:605.0;0.00656695655179;0.515777730285;0.1584168562138446;0.4213795;0.335051428304;0.190590776877;1.0390987313942937;0.6895301;10.2301843259;0.282621696842;-0.17797762751325985;10.6877165;5.00546006107;0.00988978674402;-0.5211112859337739;5.089211;17.491007;0.0;-3.0;17.491007;309.5967;0.0;-3.0;309.5967
11.0:25.0:43.0:761.5;-0.000239417483929;0.51146629022;0.210123114515119;0.4213795;0.3151795557;0.170017031173;1.1493578603285455;0.6703765;10.2156822946;0.281103397414;-0.1364675702489122;10.649409;5.00453106018;0.00941644218539;-0.3937690538953764;5.0731686;17.491007;0.0;-3.0;17.491007;309.5967;0.0;-3.0;309.5967
11.0:25.0:43.5:417.5;-0.0101582532696;0.514212880703;0.1876266541098417;0.4213795;0.311280426057;0.164963923136;1.3077636346470705;0.6703765;10.2201970875;0.281131611912;-0.14306904908668638;10.649409;5.00844513411;0.00903301604447;-0.09202577843787463;5.0731686;17.491007;0.0;-3.0;17.491007;309.5967;0.0;-3.0;309.5967
11.0:25.0:43.5:573.5;-0.000205214948214;0.513292093253;0.18791744214314754;0.4213795;0.316410858236;0.169172529213;1.2165902401433968;0.6703765;10.2122278179;0.282860766258;-0.16493971714020228;10.649409;5.01232381125;0.00827594702723;0.24728141754297894;5.0731686;17.491007;0.0;-3.0;17.491007;309.5967;0.0;-3.0;309.5967
11.0:25.0:44.0:230.0;0.0256863665232;0.50823984146;0.22969050694381687;0.4213795;0.320309987486;0.176968530669;1.0609268041970763;0.6703765;10.1962893;0.290120230714;-0.2564550693190184;10.649409;5.01977111161;0.00780077151214;0.6357681030250704;5.089211;17.491007;0.0;-3.0;17.491007;309.5967;0.0;-3.0;309.5967
11.0:25.0:44.0:386.5;-0.00974781951964;0.403070053424;0.16823711883539616;0.4213795;0.346509395325;0.18921137292;0.8461435282295668;0.6895301;10.2051820446;0.27605571423;-0.17293252649400026;10.649409;5.01993314571;0.00800220529791;0.549686535078735;5.089211;17.491007;0.0;-3.0;17.491007;309.5967;0.0;-3.0;309.5967
11.0:25.0:44.0:542.5;0.0132365163018;0.373040916849;0.17798060041856978;0.4213795;0.349929682861;0.189908361409;0.8451867736183658;0.6895301;10.2084655411;0.275521523748;-0.1766592962917395;10.649409;5.01477466464;0.00875402950141;-0.00539076535757399;5.089211;17.491007;0.0;-3.0;17.491007;309.5967;0.0;-3.0;309.5967
11.0:25.0:44.0:698.5;0.0106712999625;0.383954122116;0.04738298364997151;0.4213795;0.365149964557;0.194658817878;0.7438820898363678;0.78529817;10.2404452554;0.291718386767;-0.34111289342106454;10.764331;5.01513289089;0.00880156019295;-0.014568572486573839;5.089211;17.491007;0.0;-3.0;17.491007;309.5967;0.0;-3.0;309.5967
11.0:25.0:44.5:355.0;0.0544509902268;0.356577124795;0.11483240826890384;0.47884035;0.383961549129;0.201700651891;0.606731668180438;0.842759;10.234015125;0.316725579709;-0.48996759425301306;10.764331;5.01410682911;0.00914672313003;-0.23671167791972136;5.1093426;17.491007;0.0;-3.0;17.491007;309.5967;0.0;-3.0;309.5967
11.0:25.0:44.5:511.5;0.0716892421911;0.360125717751;0.06576510372697442;0.47884035;0.408416609361;0.214223518001;0.44614863177448694;0.8619126;10.2144511;0.327952346618;-0.5849334221725928;10.764331;5.00926256232;0.00945847729247;-0.5537488136881668;5.1093426;17.491007;0.0;-3.0;17.491007;309.5967;0.0;-3.0;309.5967
11.0:25.0:44.5:667.5;0.0785982243196;0.361791673435;0.04578951183051094;0.47884035;0.386150534004;0.216017885935;0.3335882928482383;0.842759;10.2000517179;0.318793672398;-0.4598006896660869;10.649409;5.00114594804;0.0108185794749;-0.6742456571031732;5.1093426;17.491007;0.0;-3.0;17.491007;309.5967;0.0;-3.0;309.5967
11.0:25.0:45.0:323.5;0.101685168673;0.335797982297;0.30490012322372806;0.47884035;0.416317475289;0.170698346814;-0.998407124621655;0.842759;10.1686876786;0.26622670855;-0.8521010310725656;10.611102;4.99435234946;0.0119127393124;-0.9704655830152693;5.1093426;17.491007;0.0;-3.0;17.491007;309.5967;0.0;-3.0;309.5967
11.0:25.0:45.0:480.0;0.113621972527;0.30705565776;0.20818652071011723;0.47884035;0.405748784971;0.176975055135;-1.0688030519110316;0.842759;10.1787775339;0.259045113977;-0.7867604395300032;10.611102;4.99226787679;0.0118373784092;-1.0392037592126329;5.1093426;17.491007;0.0;-3.0;17.491007;309.5967;0.0;-3.0;309.5967
11.0:25.0:45.0:636.5;0.10185618148;0.310986310155;0.1657849915008871;0.47884035;0.400926179489;0.176529166112;-1.0436949031444487;0.842759;10.1691665223;0.252451354523;-0.7085360787223491;10.611102;5.00146790357;0.0105246296443;-0.7772709780865088;5.1093426;17.491007;0.0;-3.0;17.491007;309.5967;0.0;-3.0;309.5967
11.0:25.0:45.0:792.5;0.0644382294982;0.307699147109;0.09834431247211084;0.45968673;0.414709940954;0.169067265244;-0.9834521415993795;0.842759;10.1384865527;0.234842589199;-0.5784287879373005;10.515334;5.00631989339;0.0100240412398;-0.6250574447622417;5.1093426;17.491007;0.0;-3.0;17.491007;309.5967;0.0;-3.0;309.5967
11.0:25.0:45.5:448.5;0.0583843208196;0.243313753336;-0.16914425436493596;0.4213795;0.415188781039;0.165734988719;-0.934012215200624;0.842759;10.1335271411;0.216355221803;-0.42550797566091036;10.5000116;5.00776768375;0.010029109622;-0.5794857528471584;5.1093426;17.491007;0.0;-3.0;17.491007;309.5967;0.0;-3.0;309.5967
11.0:25.0:45.5:605.0;0.0891669151054;0.250107744248;-0.49462191501704655;0.45968673;0.401439222589;0.151842461722;-0.7977544064717637;0.78529817;10.1464558089;0.193290766068;-0.2513371319437745;10.5000116;5.00640668411;0.00982956462976;-0.5564948101535849;5.089211;17.491007;0.0;-3.0;17.491007;309.5967;0.0;-3.0;309.5967
11.0:25.0:46.0:261.5;0.0942631444821;0.256470199382;-0.6059425747340219;0.5554548;0.417719793875;0.137743538028;-0.7636065570148056;0.78529817;10.1453613196;0.193788392467;-0.27602731359819677;10.515334;5.00515831411;0.00969567619601;-0.5477405386199559;5.089211;17.491007;0.0;-3.0;17.491007;309.5967;0.0;-3.0;309.5967
11.0:25.0:46.0:417.5;0.115537336946;0.265302951664;-0.7426234588460567;0.5554548;0.44320094035;0.138797332907;-0.8213302867459253;0.842759;10.1283624714;0.182374917144;-0.09302379530240978;10.5000116;5.00205157321;0.00931211938608;-0.5063474854213021;5.069158;17.491007;0.0;-3.0;17.491007;309.5967;0.0;-3.0;309.5967
11.0:25.0:46.0:573.5;0.0876619891036;0.316100920969;0.033407222352825006;0.5554548;0.453974847718;0.13385130256;-0.7227968049931595;0.842759;10.1274389911;0.174559946875;-0.02926549946909418;10.515334;4.99964786375;0.00888863854246;-0.45793099797742487;5.069158;17.491007;0.0;-3.0;17.491007;309.5967;0.0;-3.0;309.5967
11.0:25.0:46.0:730.0;0.0997698086714;0.353871777009;0.079719669383703;0.6512229;0.445800358789;0.144642550682;-0.6243847114999586;0.842759;10.1049677107;0.173445819807;-0.016499661504675522;10.496181;5.00499140286;0.00872530439022;-0.18593820108690018;5.069158;17.491007;0.0;-3.0;17.491007;309.5967;0.0;-3.0;309.5967
11.0:25.0:46.5:386.5;0.104558212189;0.42008263973;2.330359166153972;0.6512229;0.479627008961;0.145170834149;-0.6404854583157573;0.8619126;10.1021630732;0.2013248537;1.3710657155444537;10.496181;5.00738095964;0.00827863344449;0.06786785337821666;5.069158;17.491007;0.0;-3.0;17.491007;309.5967;0.0;-3.0;309.5967
11.0:25.0:46.5:542.5;0.156409780868;0.570130394764;3.338398356700763;0.6703765;0.474701794175;0.143515243181;-0.5941723631548097;0.8619126;10.0766134857;0.261684562775;2.2153390933338377;10.515334;4.99930253143;0.00929765485782;-0.32927194785142877;5.069158;17.491007;0.0;-3.0;17.491007;309.5967;0.0;-3.0;309.5967
11.0:25.0:47.0:198.5;0.136708921671;0.558526360546;3.7044552487072187;0.6512229;0.468853101532;0.145166698679;-0.6284512660576476;0.8619126;10.0988453607;0.243303838729;2.956987654341713;10.515334;4.99069124643;0.0108132276063;-0.4583774285674056;5.069158;17.491007;0.0;-3.0;17.491007;309.5967;0.0;-3.0;309.5967
11.0:25.0:47.0:355.0;0.130449793957;0.550293952056;3.9213656717773846;0.6512229;0.461670496452;0.148771270975;-0.7100544886774842;0.8619126;10.1133815982;0.236880786912;3.359667876597449;10.515334;4.98533329393;0.0106803308129;-0.5891073395153046;5.069158;17.491007;0.0;-3.0;17.491007;309.5967;0.0;-3.0;309.5967
11.0:25.0:47.0:511.5;0.120565159996;0.515734636908;4.808579446851243;0.5554548;0.453530210754;0.15297454714;-0.7915528671765459;0.8619126;10.1204958196;0.237387078447;3.3798117505162732;10.515334;4.98838485464;0.0102652920866;-0.34261830645800817;5.069158;17.491007;0.0;-3.0;17.491007;309.5967;0.0;-3.0;309.5967
11.0:25.0:47.0:667.5;0.138692686714;0.493196320045;5.31190224242893;0.5554548;0.443748186689;0.161899800374;-0.6946738819504721;0.8619126;10.1168703161;0.237381647806;3.346238497434272;10.515334;4.98268265964;0.0108638789246;-0.6010264225958655;5.069158;17.491007;0.0;-3.0;17.491007;309.5967;0.0;-3.0;309.5967
11.0:25.0:47.5:323.5;0.141223699713;0.492295245728;5.320538632665368;0.524808992;0.417959213475;0.16093411787;-0.5704017730926259;0.842759;10.1129370107;0.234392115958;3.454048534728207;10.515334;4.97758173429;0.0111025259229;-0.7553543515959418;5.069158;17.491007;0.0;-3.0;17.491007;309.5967;0.0;-3.0;309.5967
11.0:25.0:47.5:480.0;0.120633565427;0.542067921801;4.2781324522021675;0.51714754;0.406467044775;0.164827036051;-0.6154509922809641;0.842759;10.1199827946;0.253876278385;3.023250117995439;10.5000116;4.97574691536;0.010998551648;-0.762157325940561;5.069158;17.491007;0.0;-3.0;17.491007;309.5967;0.0;-3.0;309.5967
11.0:25.0:47.5:636.5;0.150253261802;0.554185001952;3.879402480365454;0.5554548;0.383380099657;0.171302335857;-0.6825447639855282;0.842759;10.1239503179;0.251439722469;3.1617447984409486;10.496181;4.97398313679;0.0108971216018;-0.764793077210804;5.069158;17.491007;0.0;-3.0;17.491007;309.5967;0.0;-3.0;309.5967
11.0:25.0:48.0:292.5;0.155315288587;0.554367692708;3.8477648914240152;0.5554548;0.363816051393;0.162915717368;-0.5895191645134306;0.6895301;10.127575825;0.254263195746;3.0593198355182496;10.515334;4.97487409482;0.0110410442395;-0.7863275022899385;5.069158;17.491007;0.0;-3.0;17.491007;309.5967;0.0;-3.0;309.5967
11.0:25.0:48.0:448.5;0.174639916873;0.563849649333;3.532960442913441;0.6512229;0.358617213221;0.159532155313;-0.5582422120065651;0.6895301;10.1305514839;0.256130290127;2.998384297931387;10.515334;4.97751785232;0.0115248359351;-0.8391262601589689;5.069158;17.491007;0.0;-3.0;17.491007;309.5967;0.0;-3.0;309.5967
11.0:25.0:48.0:605.0;0.182574985223;0.566221929066;3.440117950928859;0.6512229;0.351845042386;0.154300708334;-0.583337792940029;0.6895301;10.1496366911;0.253398253419;3.2644115027517016;10.515334;4.97364364946;0.0110108858555;-0.7992847424831848;5.069158;17.491007;0.0;-3.0;17.491007;309.5967;0.0;-3.0;309.5967
11.0:25.0:48.0:761.5;0.191228314159;0.565946412452;3.4053908855649393;0.6512229;0.308681005046;0.157047559962;-0.4855868584778871;0.61291564;10.1600001616;0.248484493568;3.5831926149252737;10.515334;4.97543268304;0.0110186546862;-0.7631002190574847;5.069158;17.491007;0.0;-3.0;17.491007;309.5967;0.0;-3.0;309.5967
11.0:25.0:48.5:417.5;0.193075270087;0.576891006339;3.196665090933238;0.6512229;0.293289708725;0.154697591573;-0.43620286672645703;0.61291564;10.156169408;0.254001817693;3.359052678431854;10.515334;4.97953836982;0.0106783255039;-0.5597896825121684;5.069158;17.491007;0.0;-3.0;17.491007;309.5967;0.0;-3.0;309.5967
11.0:25.0:48.5:573.5;0.199573818123;0.586950202191;3.0044644832893566;0.6512229;0.270750010064;0.150710189442;-0.3299372065483137;0.5554548;10.126789117;0.247561984383;3.1784390479247913;10.515334;4.97624133429;0.0103421268216;-0.52588473374984;5.069158;17.491007;0.0;-3.0;17.491007;309.5967;0.0;-3.0;309.5967
11.0:25.0:49.0:230.0;0.18247237648;0.58169702448;3.189942357156636;0.5746084;0.256658423636;0.142018674781;-0.16057429329329276;0.5554548;10.1493972187;0.223530317187;4.42522203508625;10.515334;4.97730292339;0.0100790705498;-0.4142262528842027;5.069158;17.491007;0.0;-3.0;17.491007;309.5967;0.0;-3.0;309.5967
11.0:25.0:49.0:386.5;0.162224271088;0.58371861546;3.250417752853264;0.5746084;0.247218429207;0.13452735783;-0.02834596128702005;0.5363012;10.1589740295;0.216213400431;4.99980514433431;10.515334;4.98163295911;0.0101981677312;-0.26105932260846565;5.069158;17.491007;0.0;-3.0;17.491007;309.5967;0.0;-3.0;309.5967
11.0:25.0:49.0:542.5;0.166602240588;0.589538939257;3.1097700193985887;0.6703765;0.24834712485;0.145144827274;-0.0120771194825533;0.5363012;10.1406754866;0.222249661198;4.373736756869818;10.515334;4.97892638964;0.0111759012884;-0.12373743145018024;5.069158;17.491007;0.0;-3.0;17.491007;309.5967;0.0;-3.0;309.5967
11.0:25.0:49.0:698.5;0.189005127563;0.599571420692;2.81565522581998;0.6895301;0.234050319921;0.144566778013;0.19646634868148727;0.47884035;10.1190934759;0.231255008803;3.659327820077168;10.515334;4.98353366804;0.0105629240812;0.18701462493358223;5.069158;17.491007;0.0;-3.0;17.491007;309.5967;0.0;-3.0;309.5967
11.0:25.0:49.5:355.0;0.220848009463;0.593108944602;2.7937846766988663;0.80445176;0.233024233229;0.151295774671;0.1743231830709373;0.47884035;10.1326036205;0.237136259731;3.49584706773419;10.515334;4.98489155946;0.0100962545052;0.4385784164239803;5.069158;17.491007;0.0;-3.0;17.491007;309.5967;0.0;-3.0;309.5967
11.0:25.0:49.5:511.5;0.221326849445;0.595433794893;2.739104177904479;0.80445176;0.205832942704;0.170049204135;0.0641535041098713;0.47884035;10.1264813179;0.243190882698;3.1428177278187164;10.515334;4.98499855768;0.0101121386986;0.4341146029771159;5.069158;17.491007;0.0;-3.0;17.491007;309.5967;0.0;-3.0;309.5967
11.0:25.0:49.5:667.5;0.233845103945;0.587742995751;2.824090849175861;0.80445176;0.190031211061;0.17028671362;0.06594242488078317;0.47884035;10.1121161179;0.311172489319;2.219455497908579;10.572795;4.98046819839;0.010466587705;0.09415068508218294;5.069158;17.491007;0.0;-3.0;17.491007;309.5967;0.0;-3.0;309.5967
11.0:25.0:50.0:323.5;0.235555249695;0.628170181218;2.2129314314368767;0.82360536;0.163284557293;0.191085832015;0.20644923782466273;0.47884035;10.1211798777;0.347509480237;1.6067340257544638;10.572795;4.98037403304;0.0105794603723;0.04958351275578865;5.069158;17.491007;0.0;-3.0;17.491007;309.5967;0.0;-3.0;309.5967
11.0:25.0:50.0:480.0;0.222763372248;0.616221839992;2.450561931938269;0.80445176;0.159214414107;0.194305470307;0.2251617257393721;0.4405331;10.0998030795;0.358030687842;1.2970451938445215;10.572795;4.97877983393;0.0107855775478;-0.08025602361098372;5.069158;17.491007;0.0;-3.0;17.491007;309.5967;0.0;-3.0;309.5967
11.0:25.0:50.0:636.5;0.227312355784;0.654241563961;1.9575251341992779;0.82360536;0.150663694329;0.195715685687;0.18896011842742055;0.4405331;10.086977008;0.399058109285;0.7367879664296764;10.572795;4.97411780643;0.0108191063674;-0.2504158171867301;5.069158;17.491007;0.0;-3.0;17.491007;309.5967;0.0;-3.0;309.5967
11.0:25.0:50.0:792.5;0.228406845495;0.707704089183;1.4290817304371322;0.842759;0.124259070132;0.181826696719;0.4273155889850422;0.40222588;10.0831805063;0.423875010028;0.42840348226760216;10.572795;4.97722454732;0.0113762291284;-0.34382762142191936;5.069158;17.491007;0.0;-3.0;17.491007;309.5967;0.0;-3.0;309.5967
11.0:25.0:50.5:448.5;0.277795805466;0.65610323114;1.5081022963503452;0.8619126;0.119333855589;0.181496110305;0.43932368742662975;0.40222588;10.0552025741;0.428601523616;0.2675365443829536;10.572795;4.97846099768;0.0118117453776;-0.4158638403959536;5.089211;17.491007;0.0;-3.0;17.491007;309.5967;0.0;-3.0;309.5967
11.0:25.0:50.5:605.0;0.259497263941;0.632219739922;1.6878478901757417;0.8619126;0.140129207346;0.185995246631;0.3658795068132066;0.40222588;10.065566033;0.425337204392;0.3448924419906887;10.572795;4.96680573339;0.0129891156559;-0.6956828560558201;5.069158;17.491007;0.0;-3.0;17.491007;309.5967;0.0;-3.0;309.5967
11.0:25.0:51.0:261.5;0.255940163209;0.581647118432;1.269395966569669;0.8619126;0.130620805454;0.175975834052;0.26405808271196296;0.40222588;10.0779474795;0.399132207244;0.35593644918629996;10.572795;4.95948904375;0.0142983202185;-0.9291076203969442;5.069158;17.491007;0.0;-3.0;17.491007;309.5967;0.0;-3.0;309.5967
11.0:25.0:51.0:417.5;0.218009165245;0.45283229356;-0.7061981589621573;0.8619126;0.0865332904714;0.195165960841;0.28441202407935107;0.38307226;10.1264129777;0.368985284079;-0.003793376611395338;10.611102;4.96468906089;0.0141828159151;-0.8203861997023747;5.069158;17.491007;0.0;-3.0;17.491007;309.5967;0.0;-3.0;309.5967
11.0:25.0:51.0:573.5;0.21852220703;0.472263560833;-0.770022013337428;0.8619126;0.0716550369536;0.197069467146;0.20471877507824532;0.38307226;10.1256946991;0.36765108409;0.015374187426577812;10.572795;4.97376289482;0.013182961585;-0.6132325083581369;5.069158;17.491007;0.0;-3.0;17.491007;309.5967;0.0;-3.0;309.5967
11.0:25.0:51.0:730.0;0.195127436352;0.551855316527;-0.5497144439459203;0.8619126;0.0685083717482;0.199302891996;0.13494846835412888;0.38307226;10.110200783;0.385176496573;-0.06628375178698231;10.572795;4.97939153768;0.0133380845478;-0.5074271699545383;5.069158;17.491007;0.0;-3.0;17.491007;309.5967;0.0;-3.0;309.5967
11.0:25.0:51.5:386.5;0.191467727902;0.579933724071;-0.7032103271180481;0.8810662;0.0771617004464;0.201291045189;0.08527235953990298;0.38307226;10.0762030991;0.402160761907;-0.09561791636347827;10.515334;4.98334823768;0.0135748659485;-0.4676539895145586;5.069158;17.491007;0.0;-3.0;17.491007;309.5967;0.0;-3.0;309.5967
11.0:25.0:51.5:542.5;0.167628320002;0.595114235949;-0.7904454044954936;0.8810662;0.0992909637143;0.206080225009;0.04648497050309519;0.40222588;10.0656685973;0.403420994798;-0.11734873636583742;10.515334;4.99045208482;0.0129162418349;-0.10349652783294605;5.069158;17.491007;0.0;-3.0;17.491007;309.5967;0.0;-3.0;309.5967
11.0:25.0:52.0:198.5;0.144267751857;0.603582776791;-0.853719103057502;0.8810662;0.112835304064;0.209768683439;-0.00633227695827987;0.40222588;10.0615300438;0.405663744698;-0.1464432733287926;10.515334;4.98873687804;0.0130021296155;-0.23362783817964594;5.069158;17.491007;0.0;-3.0;17.491007;309.5967;0.0;-3.0;309.5967
11.0:25.0:52.0:355.0;0.153844557429;0.57284638373;-0.7214401243503867;0.8619126;0.115776751829;0.209642593708;0.0012415988949485701;0.40222588;10.0317051509;0.378868391075;-0.022979395943718117;10.515334;4.98799259518;0.0132909757036;-0.3500860135845216;5.069158;17.491007;0.0;-3.0;17.491007;309.5967;0.0;-3.0;309.5967
11.0:25.0:52.0:511.5;0.123609208643;0.586143370244;-0.7073890702278267;0.8619126;0.126858485443;0.207967883013;0.07180960757326993;0.40222588;10.0293793821;0.385221477804;-0.10851260894870984;10.515334;4.98904582732;0.0132721646466;-0.3093480541191642;5.069158;17.491007;0.0;-3.0;17.491007;309.5967;0.0;-3.0;309.5967
11.0:25.0:52.0:667.5;0.103908348036;0.617410440877;-0.8064573204083056;0.8619126;0.124361675225;0.207927576356;0.07376372112707719;0.40222588;10.0182634375;0.380547244016;-0.04719916113315836;10.515334;4.98762195946;0.0130987661425;-0.29494165859250954;5.069158;17.491007;0.0;-3.0;17.491007;309.5967;0.0;-3.0;309.5967
11.0:25.0:52.5:323.5;0.0484312733929;0.628129785723;-0.8642319335720523;0.8619126;0.103155888332;0.217065502086;-0.13052534254131087;0.40222588;10.0286611089;0.382513654492;-0.07648437511201367;10.515334;4.98679808696;0.0129440551535;-0.27795915655530434;5.069158;17.491007;0.0;-3.0;17.491007;309.5967;0.0;-3.0;309.5967
11.0:25.0:52.5:480.0;0.01959824375;0.641680813539;-0.8990734432193555;0.8619126;0.0977860359464;0.213087745879;-0.05198750230632365;0.40222588;10.0221625679;0.383037828934;-0.08762289172113258;10.515334;4.99095819304;0.0134009666387;-0.28217435090607745;5.089211;17.491007;0.0;-3.0;17.491007;309.5967;0.0;-3.0;309.5967
11.0:25.0:52.5:636.5;0.00448057032143;0.646884772641;-0.9238183080097144;0.8619126;0.106712988375;0.204938427599;0.12946505737477665;0.40222588;10.0218205598;0.385470155539;-0.12290962307360376;10.515334;4.99131470589;0.0134480779658;-0.2863022718521204;5.069158;17.491007;0.0;-3.0;17.491007;309.5967;0.0;-3.0;309.5967
11.0:25.0:53.0:292.5;-0.000444644892857;0.628988735276;-0.8666207563448958;0.8619126;0.0797611187679;0.225477227951;-0.17883140803053177;0.40222588;10.020247267;0.380478059072;-0.06583770328605443;10.515334;4.99272346714;0.0134580278129;-0.24293802335407166;5.069158;17.491007;0.0;-3.0;17.491007;309.5967;0.0;-3.0;309.5967
11.0:25.0:53.0:448.5;-0.0200086932857;0.60286377317;-0.7810541564176563;0.8619126;0.0546220020357;0.243377295811;-0.42535808889804105;0.40222588;10.0172032223;0.377156570211;-0.03265748209698671;10.515334;4.99463060893;0.0135191756752;-0.19606122546027294;5.069158;17.491007;0.0;-3.0;17.491007;309.5967;0.0;-3.0;309.5967
11.0:25.0:53.0:605.0;-0.0119368135179;0.606205885361;-0.8062670343223624;0.8619126;0.0234973801071;0.245963336619;-0.48507325468647666;0.38307226;10.0203157089;0.379740013417;-0.06321327004226607;10.515334;4.99698677304;0.0138397005236;-0.21987362144127598;5.089211;17.491007;0.0;-3.0;17.491007;309.5967;0.0;-3.0;309.5967
11.0:25.0:53.0:761.5;-0.0202139105357;0.616632455495;-0.8672196171642481;0.8619126;-0.00796927171429;0.226657185634;-0.5700125484433305;0.38307226;10.0165876;0.381179717516;-0.0817719599790232;10.515334;4.99283592732;0.0149112145486;-0.496622539829946;5.089211;17.491007;0.0;-3.0;17.491007;309.5967;0.0;-3.0;309.5967
11.0:25.0:53.5:417.5;-0.0317060794107;0.607130232665;-0.8107132489023643;0.8619126;-0.0293118709964;0.219125680081;-0.8091744568676131;0.38307226;10.0130989107;0.38437756042;-0.12039192131352383;10.515334;4.99826933607;0.0129763191818;-0.4355869010387905;5.089211;17.491007;0.0;-3.0;17.491007;309.5967;0.0;-3.0;309.5967
11.0:25.0:53.5:573.5;-0.0497994032929;0.589720007181;-0.7157637014261309;0.80445176;-0.05995765335;0.255102945773;-0.3899030333921578;0.38307226;10.0133383071;0.374066171723;0.01412367258140268;10.5000116;4.99954121;0.0130144330233;-0.40776822665994805;5.089211;17.491007;0.0;-3.0;17.491007;309.5967;0.0;-3.0;309.5967
11.0:25.0:54.0:230.0;-0.0888932971071;0.597239644704;-0.7261798919209057;0.40222588;-0.0430614307071;0.271360788627;-0.372545515541002;0.38307226;9.98573657679;0.36563809307;0.14732957545359726;10.496181;4.99895085214;0.0134520689814;-0.5435384369304099;5.1093426;17.491007;0.0;-3.0;17.491007;309.5967;0.0;-3.0;309.5967
11.0:25.0:54.0:386.5;-0.0716550449643;0.607202931992;-0.7934880108775246;0.80445176;-0.03074839385;0.260383318798;-0.16228999961661206;0.38307226;9.9933980125;0.370581279449;0.07566327018552643;10.496181;4.99912532429;0.0137891738469;-0.6277155030087855;5.1093426;17.491007;0.0;-3.0;17.491007;309.5967;0.0;-3.0;309.5967
11.0:25.0:54.0:542.5;-0.06077852875;0.605235472699;-0.7927340723127241;0.80445176;-0.0136469521357;0.269465046438;-0.22579524755385405;0.38307226;10.0143985589;0.310429069281;0.061922335933517036;10.496181;4.99706240536;0.0146258533665;-0.6986458422826436;5.1093426;17.491007;0.0;-3.0;17.491007;309.5967;0.0;-3.0;309.5967
11.0:25.0:54.0:698.5;-0.0955628613571;0.576765581034;-0.7458382853682481;0.47884035;0.00902955806071;0.254568416988;-0.010036681493620137;0.38307226;10.0256513179;0.28625864688;0.05079810874495916;10.515334;4.99403079071;0.0149436243527;-0.8346174375674167;5.1093426;17.491007;0.0;-3.0;17.491007;309.5967;0.0;-3.0;309.5967
11.0:25.0:54.5:355.0;-0.130860235482;0.598650329807;-0.7576742558668337;0.40222588;0.00318086538214;0.247197141314;0.09236051905507514;0.38307226;10.0445655179;0.287158099275;-0.05554567863065962;10.515334;4.99542954589;0.0148514337334;-0.769155214860072;5.1093426;17.491007;0.0;-3.0;17.491007;309.5967;0.0;-3.0;309.5967
11.0:25.0:54.5:511.5;-0.151655587625;0.567110768994;-0.6341895752197781;0.40222588;0.00205217000714;0.244610782314;0.15005585128368581;0.38307226;10.0572889786;0.247334923505;0.09853222564490638;10.515334;4.99706961839;0.0143495418567;-0.5994301440888052;5.1093426;17.491007;0.0;-3.0;17.491007;309.5967;0.0;-3.0;309.5967
11.0:25.0:54.5:667.5;-0.169954126975;0.495122034255;-0.6743033667796254;0.38307226;-0.00848231740357;0.245487710802;0.09110373713892539;0.38307226;10.0446339036;0.226377328059;0.23910534549931306;10.515334;4.99350284696;0.0138921279081;-0.5780644256383916;5.089211;17.491007;0.0;-3.0;17.491007;309.5967;0.0;-3.0;309.5967
11.0:25.0:55.0:323.5;-0.178094412411;0.479350422044;-0.6341654742939835;0.38307226;-0.00875594064643;0.245587811299;0.08974228148768093;0.38307226;10.0490118714;0.222335275401;0.31443655361848055;10.515334;4.99056194982;0.0133389830425;-0.5292320116235971;5.089211;17.491007;0.0;-3.0;17.491007;309.5967;0.0;-3.0;309.5967
11.0:25.0:55.0:480.0;-0.163729201814;0.479537455561;-0.6169307780517785;0.38307226;-0.0174776750625;0.233943739026;0.2004655057464082;0.38307226;10.0551342;0.226817411827;0.21550937095534817;10.515334;5.00086003554;0.0114327065044;-0.09003078205609105;5.089211;17.491007;0.0;-3.0;17.491007;309.5967;0.0;-3.0;309.5967
11.0:25.0:55.0:636.5;-0.181651510814;0.453149122834;-0.5151714118070281;0.36391866;-0.0540063518125;0.211039873325;0.34176278851841113;0.2873042;10.0393666696;0.22775082449;0.12695957937233615;10.515334;5.01155003018;0.00934757645937;0.3794035022506792;5.089211;17.491007;0.0;-3.0;17.491007;309.5967;0.0;-3.0;309.5967
11.0:25.0:55.0:792.5;-0.188697302779;0.432968398265;-0.6129876793807743;0.36391866;-0.0255495539554;0.195309250974;0.6727476657830915;0.36391866;10.0185713339;0.191726585238;-0.38235404246078897;10.515334;5.01378770071;0.00877254968211;0.46915877977717146;5.089211;17.491007;0.0;-3.0;17.491007;309.5967;0.0;-3.0;309.5967
11.0:25.0:55.5:448.5;-0.155075868404;0.450490004734;-0.661947705386106;0.38307226;-0.0342028822054;0.211326482831;0.32046755671065563;0.36391866;10.0192211911;0.190815924212;-0.3608555400562041;10.515334;5.01482486571;0.00889424696221;0.43531565842505326;5.089211;17.491007;0.0;-3.0;17.491007;309.5967;0.0;-3.0;309.5967
11.0:25.0:55.5:605.0;-0.0680637353679;0.507205144002;0.524525403040978;0.40222588;-0.0469947601696;0.237208853325;-0.024794403152732514;0.36391866;10.0210339393;0.182772239081;-0.5847898159740219;10.496181;5.01557699357;0.00899193922121;0.40704934704884055;5.089211;17.491007;0.0;-3.0;17.491007;309.5967;0.0;-3.0;309.5967
11.0:25.0:56.0:261.5;-0.0534591045286;0.488167790203;0.7102230482784955;0.40222588;-0.0637883741161;0.260481651459;-0.25798863747894085;0.36391866;10.0249672643;0.170601014884;-1.0470380672045871;10.496181;5.01227409214;0.00987541011966;0.16053298779398562;5.089211;17.491007;0.0;-3.0;17.491007;309.5967;0.0;-3.0;309.5967
11.0:25.0:56.0:417.5;-0.00701159159286;0.514464773455;0.4673031691727174;0.4213795;-0.0853361883982;0.249179061042;-0.1893977195739316;0.36391866;10.0133383107;0.17660465114;-1.0736210750766857;10.496181;5.01816061143;0.0201165971841;12.612091577034008;5.09323732;17.491007;0.0;-3.0;17.491007;309.5967;0.0;-3.0;309.5967
11.0:25.0:56.0:573.5;0.020453322275;0.515284619853;0.4507378114679659;0.4213795;-0.110030668291;0.235280011958;-0.04947608637020107;0.2681506;9.9950055625;0.170985760659;-0.9543982726425786;10.477027;5.07242689232;0.09206360225;20.998182000077932;5.1093426;17.491007;0.0;-3.0;17.491007;309.5967;0.0;-3.0;309.5967
11.0:25.0:56.0:730.0;0.0373495467036;0.497981347879;0.5489942209469172;0.47884035;-0.136537901102;0.248425593821;-0.24700910119999797;0.2681506;9.99223511607;0.167086798974;-0.899553120004974;10.400413;5.08769488429;0.108000287211;18.184969531381185;5.1093426;17.491007;0.0;-3.0;17.491007;309.5967;0.0;-3.0;309.5967
11.0:25.0:56.5:386.5;0.0503466427929;0.469486828163;0.7255635996732464;0.47884035;-0.153331515868;0.251161485877;-0.27765131118631414;0.2681506;9.98313713839;0.161259178892;-0.7964372529115513;10.400413;5.23423724911;0.830811524587;38.41952255609456;5.1093426;17.491007;0.0;-3.0;17.491007;309.5967;0.0;-3.0;309.5967
11.0:25.0:56.5:542.5;0.0914927103643;0.444678090885;0.9094261928276155;0.5746084;-0.173511216404;0.252387896728;-0.32115636441954454;0.2681506;9.96685658482;0.16421725664;-0.7871753701229625;10.400413;5.42648093839;1.92373101178;17.074994032419866;5.1295543;17.491007;0.0;-3.0;17.491007;309.5967;0.0;-3.0;309.5967
11.0:25.0:57.0:198.5;0.107739079793;0.423085803485;1.1657586531289637;0.5746084;-0.168449189339;0.252078900261;-0.31168846984382315;0.2681506;9.95731398839;0.159249755671;-0.659432292743809;10.323798;5.53401574804;2.28096600872;11.314544362218511;5.1295543;17.491007;0.0;-3.0;17.491007;309.5967;0.0;-3.0;309.5967
11.0:25.0:57.0:355.0;0.122480522436;0.400463935497;1.4422238786227775;0.5746084;-0.168414986511;0.256085930305;-0.3709298439165196;0.2681506;9.96518066518;0.158727744706;-0.7098471747044619;10.342952;5.52879708196;2.28613691014;11.296465646234205;5.1295543;17.491007;0.0;-3.0;17.491007;309.5967;0.0;-3.0;309.5967
11.0:25.0:57.0:511.5;0.144951815471;0.393658428155;1.557311633045404;0.5746084;-0.162634699707;0.261588833118;-0.44566978680782254;0.36391866;9.95813486339;0.157328600106;-0.6450609429357193;10.342952;5.52725209411;2.28782932709;11.289166933410877;5.1295543;17.491007;0.0;-3.0;17.491007;309.5967;0.0;-3.0;309.5967
11.0:25.0:57.0:667.5;0.161334995579;0.391992667784;1.5840076268476624;0.5746084;-0.151210938171;0.25268513841;-0.3044202507575595;0.36391866;9.95269658839;0.157667221109;-0.6321338945809152;10.342952;5.52965282982;2.2856888359;11.294527006149362;5.1295543;17.491007;0.0;-3.0;17.491007;309.5967;0.0;-3.0;309.5967
11.0:25.5:27.5:323.5;0.176247451636;0.38966277335;1.6430722693832287;0.5746084;-0.128192400189;0.251165540822;-0.23505549801728876;0.36391866;9.95803224018;0.146693843641;-0.5188027559239123;10.304645;5.56397883232;2.3167800419;10.635609242040713;5.1295543;17.491007;0.0;-3.0;17.491007;309.5967;0.0;-3.0;309.5967
11.0:25.5:27.5:480.0;0.17176687447;0.387733624434;1.6852836096121724;0.5746084;-0.130415588082;0.25719868942;-0.2806890252371157;0.36391866;9.94441947679;0.142100452575;-0.43586692617869005;10.342952;5.72029403732;2.88216329234;6.235144096502564;5.8203187;17.491007;0.0;-3.0;17.491007;309.5967;0.0;-3.0;309.5967
11.0:25.5:27.5:636.5;0.173066583273;0.382297444106;1.7784061105444007;0.5746084;-0.114819074046;0.261935406589;-0.3258846931972692;0.36391866;9.9482844;0.141199421885;-0.4345436250223558;10.342952;5.83355510268;3.11443439003;4.54070674399123;6.84298;17.491007;0.0;-3.0;17.491007;309.5967;0.0;-3.0;309.5967
11.0:25.5:28.0:292.5;0.162532095905;0.385482976118;1.7053092222713317;0.5746084;-0.102300818729;0.256616493553;-0.20927529682417578;0.36391866;9.96401770714;0.137513180183;-0.41738109394090994;10.342952;5.83045513089;3.12063468635;4.527859197474905;6.84298;17.491007;0.0;-3.0;17.491007;309.5967;0.0;-3.0;309.5967
11.0:25.5:28.0:448.5;0.138453267709;0.401686997631;1.4045117847944653;0.5746084;-0.0638225763036;0.221399393802;-0.3829061312783102;0.36391866;9.95245713214;0.145610365198;-0.4834842479668109;10.342952;5.88969641286;3.21321678014;3.878782831330093;6.84298;17.491007;0.0;-3.0;17.491007;309.5967;0.0;-3.0;309.5967
11.0:25.5:28.0:605.0;0.156033549423;0.382105303097;1.6870642834262153;0.5746084;-0.076409235625;0.197334442047;-0.32122405239196405;0.36391866;9.9632310375;0.162651012666;-0.647759772851308;10.342952;6.25057393143;6.33795410734;5.937338465522984;8.1733885;17.491007;0.0;-3.0;17.491007;309.5967;0.0;-3.0;309.5967
11.0:25.5:28.0:761.5;0.146730365823;0.37163636575;1.9287948735479974;0.47884035;-0.0534248990536;0.213242579837;-0.4453221206996072;0.36391866;9.90727511607;0.27847765078;4.190917936036741;10.342952;6.50675706464;7.52441720983;3.430949062924575;8.205721;17.491007;0.0;-3.0;17.491007;309.5967;0.0;-3.0;309.5967
11.0:25.5:28.5:417.5;0.135032979966;0.379755171324;1.809831794846854;0.45968673;-0.0561611304464;0.210233196158;-0.3950711213159499;0.36391866;9.90720671607;0.275832979798;4.292907222962774;10.342952;6.64002574857;7.73246362499;2.8240561130541364;8.303488;17.491007;0.0;-3.0;17.491007;309.5967;0.0;-3.0;309.5967
11.0:25.5:28.5:573.5;0.128329215788;0.382771946269;1.728382202003031;0.45968673;-0.0445321503036;0.222226553771;-0.46677434927800077;0.36391866;9.90426525714;0.287500298384;4.011848959310128;10.304645;6.74527713929;7.70260457816;2.595927639926245;8.303488;17.491007;0.0;-3.0;17.491007;309.5967;0.0;-3.0;309.5967
11.0:25.5:29.0:230.0;0.129423708534;0.354677849006;1.5035666125840672;0.45968673;-0.0404962102679;0.224839019927;-0.5057076484165446;0.36391866;9.92827568214;0.313039455899;3.4942760072518597;10.342952;6.95491035964;8.24216827487;1.6536311952294476;9.274047;17.491007;0.0;-3.0;17.491007;309.5967;0.0;-3.0;309.5967
11.0:25.5:29.0:386.5;0.130381388805;0.336691313904;1.3897103137599611;0.45968673;-0.0382730229643;0.227926097211;-0.5556108959534427;0.36391866;9.91308960714;0.308555087371;3.547267231332376;10.3123064;7.34390636857;10.928256469;1.2611430170292577;9.533918;17.491007;0.0;-3.0;17.491007;309.5967;0.0;-3.0;309.5967
11.0:25.5:29.0:542.5;0.106918212084;0.3520909889;1.175507703015784;0.45968673;-0.0415564986786;0.240502799213;-0.6938582276615581;0.36391866;9.9062148125;0.317221420919;3.193357981254068;10.3123064;7.93733854714;18.1629720468;3.872913895789159;10.2585676;17.491007;0.0;-3.0;17.491007;309.5967;0.0;-3.0;309.5967
11.0:25.5:29.0:698.5;0.104592415655;0.36419668705;0.9991811452473791;0.5746084;-0.0485338862714;0.238854854271;-0.6753767355436886;0.36391866;9.90416261607;0.322450093892;3.000613114152955;10.342952;8.85597743286;35.8839611897;5.41129298968624;12.082235;17.491007;0.0;-3.0;17.491007;309.5967;0.0;-3.0;309.5967
11.0:25.5:29.5:355.0;0.0516805585482;0.439982854696;0.8519046414907177;0.5746084;-0.0508938849554;0.236946402016;-0.6518837809304241;0.36391866;9.92601826071;0.349875248333;2.6788717655469094;10.342952;10.0655575507;66.4492873418;4.891090034177861;12.618505;17.491007;0.0;-3.0;17.491007;309.5967;0.0;-3.0;309.5967
11.0:25.5:29.5:511.5;0.0203507191911;0.482062334983;0.8023289494541492;0.5746084;-0.0537669266696;0.244729749;-0.7337829910903033;0.36391866;9.96528318214;0.383179424545;2.2747016905371886;10.400413;11.4675374418;105.573257383;3.351271353913119;15.92829;17.491007;0.0;-3.0;17.491007;309.5967;0.0;-3.0;309.5967
11.0:25.5:29.5:667.5;-0.000684053773214;0.483684696024;0.8058581014949366;0.482671064;-0.0627622843125;0.244005805739;-0.7312015119407329;0.36391866;9.97024257679;0.383956127104;2.275403455423751;10.457873;12.9280885498;144.43243558;1.8669028627116369;16.245838;17.491007;0.0;-3.0;17.491007;309.5967;0.0;-3.0;309.5967
11.0:25.5:30.0:323.5;-0.0529460574071;0.460294429728;1.1197017034585528;0.4213795;-0.0435060626518;0.22856924572;-0.5410740419091842;0.36391866;9.96312837321;0.383040179888;2.273323945300846;10.457873;14.4609317259;184.091930967;0.8759007539139647;18.57969;17.491007;0.0;-3.0;17.491007;309.5967;0.0;-3.0;309.5967
11.0:25.5:30.0:480.0;-0.127508342175;0.352930793754;-0.13833208358139748;0.40222588;-0.0357762108661;0.200796221958;-0.3458471869958548;0.36391866;9.95885299643;0.370802404801;2.563073895444501;10.342952;16.325491148;243.533476536;0.5761342691307743;32.675774;17.491007;0.0;-3.0;17.491007;309.5967;0.0;-3.0;309.5967
